v,wmean,k
0.0280996683597827,0.023118387931858452,22
0.2720539984838908,0.07826293283267913,19
0.0245123505344437,0.02343801214078041,33
-0.0541904027075652,-0.040169243149072456,33
-0.577166803755258,-0.028649004055925163,44
-0.0023935961823902,-0.015629537726556775,17
0.0251154004049389,0.0738067848943115,15
0.205028409181331,0.18529520987213996,7
0.1083131830069135,0.012277490364274226,23
0.5259018812335192,0.1004560909828222,12
-0.079251056902077,0.020393309631767637,17
0.2222046263222168,0.07116860300062867,9
0.0625363235524467,0.010054053428015373,25
0.0689187214592479,0.09582759061840444,12
0.0193506260364024,0.05000322968448232,12
-0.1623424795574486,-0.017020178593244853,20
0.3729593046367085,0.04451175838544732,15
0.0049842778591155,0.03275658550534228,30
-0.1720847698595768,-0.03719912376159644,47
-0.0644586270312714,0.018606707483394807,24
0.0839721282955245,-0.03209192222195046,32
0.0179623349276027,-0.01942265516627825,22
0.0400788486693599,-0.0507222822890668,5
-0.0922025242235058,-0.005894600613696904,22
-0.0223034302481899,0.04111420896031454,24
0.1505764137342637,-0.05356418769430508,30
0.1923859177415963,-0.013723816429809679,47
